0,0,6967438.5,10282.101,0.987204,10282.101,0
100,35838.726,545985.27,4686.2203,0.987204,-2257.6279,6943.8482
200,22400.552,322202.35,1876.1795,0.987204,-2463.9869,4340.1664
300,14492.701,234078.6,133.97599,0.987204,-2674.0233,2807.9993
400,9167.6286,213180.75,-994.65205,0.987204,-2770.9044,1776.2524
500,5849.0166,161507.61,-1750.0924,0.987204,-2883.3549,1133.2625
600,4200.4379,89077.28,-2229.7273,0.987204,-3043.5733,813.84598
700,2965.4477,56484.335,-2572.6652,0.987204,-3147.2285,574.56337
800,2115.9595,24644.466,-2767.5715,0.987204,-3177.5443,409.97277
900,1537.0316,54474.331,-2903.9905,0.987204,-3201.7944,297.80395
1000,1180.1879,25278.603,-3001.4368,0.987204,-3230.1014,228.66454
1100,867.38724,29127.181,-3067.6645,0.987204,-3235.7231,168.05858
1200,721.19791,4910.6109,-3135.8024,0.987204,-3275.5364,139.73401
1300,729.06688,-320.14282,-3167.4178,0.987204,-3308.6764,141.25864
1400,547.65845,-7626.0986,-3200.4369,0.987204,-3306.5472,106.11028
1500,528.74888,-9809.7418,-3218.0948,0.987204,-3320.5413,102.4465
1600,432.15158,-12954.662,-3238.0297,0.987204,-3321.7602,83.730515
1700,483.62157,-2863.3508,-3246.8681,0.987204,-3340.571,93.702962
1800,402.7981,20795.743,-3265.6305,0.987204,-3343.6737,78.043201
1900,339.72557,-12448.987,-3281.2625,0.987204,-3347.0852,65.822731
2000,419.0455,-19595.311,-3279.2431,0.987204,-3360.4343,81.191178
2100,341.48342,-17383.766,-3285.8164,0.987204,-3351.9797,66.163319
2200,352.68992,6033.0259,-3287.936,0.987204,-3356.2706,68.334609
2300,310.64966,28468.968,-3301.4512,0.987204,-3361.6404,60.189196
2400,322.50434,-954.79338,-3298.1595,0.987204,-3360.6456,62.486071
2500,315.30301,-30226.632,-3302.9798,0.987204,-3364.0706,61.090795
2600,311.96238,-4176.643,-3309.5216,0.987204,-3369.9651,60.443539
2700,313.49117,-16644.964,-3307.7519,0.987204,-3368.4917,60.739746
2800,320.94139,-8084.6245,-3300.5337,0.987204,-3362.717,62.183245
2900,336.90865,6753.5406,-3306.7248,0.987204,-3372.0017,65.276945
3000,288.01821,21160.992,-3313.4954,0.987204,-3369.2997,55.804293
3100,263.10256,-25414.587,-3317.7767,0.987204,-3368.7535,50.976819
3200,329.01279,-49589.371,-3318.8793,0.987204,-3382.6264,63.747101
3300,297.74683,9892.5608,-3316.2312,0.987204,-3373.9205,57.689238
3400,342.32481,13078.74,-3311.9282,0.987204,-3378.2546,66.32634
3500,324.29215,-4710.7461,-3310.5042,0.987204,-3373.3367,62.832464
3600,325.05709,5850.6509,-3310.3663,0.987204,-3373.347,62.980675
3700,300.27706,1871.9251,-3318.4371,0.987204,-3376.6166,58.179477
3800,377.35623,2792.7587,-3302.1041,0.987204,-3375.2179,73.11377
3900,381.13162,21666.616,-3305.1665,0.987204,-3379.0117,73.845263
4000,376.0407,22572.366,-3318.2895,0.987204,-3391.1484,72.858884
4100,283.35901,405.12737,-3331.5461,0.987204,-3386.4477,54.901559
4200,316.47625,-19534.052,-3335.4532,0.987204,-3396.7713,61.318113
4300,242.60179,39890.844,-3340.1189,0.987204,-3387.1236,47.004741
4400,317.32092,-38798.349,-3341.8689,0.987204,-3403.3507,61.48177
4500,280.56484,-5502.0731,-3350.3159,0.987204,-3404.676,54.360182
4600,235.29779,-2418.878,-3345.168,0.987204,-3390.7576,45.589571
4700,304.42519,-18522.961,-3339.3445,0.987204,-3398.3277,58.983189
4800,276.61264,-8066.6661,-3340.0046,0.987204,-3393.599,53.594432
4900,279.48636,5966.9726,-3340.4924,0.987204,-3394.6437,54.151223
5000,263.18517,-23745.521,-3338.8408,0.987204,-3389.8336,50.992824
5100,276.30475,-26265.806,-3331.3867,0.987204,-3384.9215,53.534778
5200,295.90645,-20714.915,-3333.6996,0.987204,-3391.0323,57.33266
5300,303.63107,188.91016,-3334.4164,0.987204,-3393.2457,58.829325
5400,345.40506,-48827.916,-3335.4964,0.987204,-3402.4196,66.923147
5500,324.64152,-24264.57,-3332.852,0.987204,-3395.7521,62.900156
5600,333.10268,9418.2815,-3338.3587,0.987204,-3402.8982,64.539528
5700,334.77747,8348.1542,-3333.8471,0.987204,-3398.7111,64.864022
5800,296.72764,-28061.643,-3335.2716,0.987204,-3392.7633,57.491767
5900,354.28942,-15495.663,-3329.7145,0.987204,-3398.359,68.644515
6000,327.29409,7475.4659,-3330.3335,0.987204,-3393.7476,63.414099
6100,320.24414,-35111.173,-3327.014,0.987204,-3389.0621,62.048152
6200,292.29329,16557.545,-3322.362,0.987204,-3378.9946,56.632601
6300,353.14383,22253.931,-3323.8709,0.987204,-3392.2934,68.422554
6400,300.97939,-21886.99,-3330.0264,0.987204,-3388.342,58.315555
6500,277.56402,-555.20178,-3328.4046,0.987204,-3382.1834,53.778765
6600,356.86842,31112.909,-3315.6473,0.987204,-3384.7915,69.144204
6700,375.5863,-1535.5365,-3319.5511,0.987204,-3392.3219,72.770842
6800,336.52213,-7490.4193,-3319.272,0.987204,-3384.4741,65.202057
6900,317.61721,16145.878,-3319.1727,0.987204,-3380.7118,61.539177
7000,321.45926,42241.198,-3322.6817,0.987204,-3384.9652,62.283584
7100,301.03879,-29046.45,-3314.7029,0.987204,-3373.0299,58.327065
7200,320.7179,21222.962,-3314.2093,0.987204,-3376.3493,62.139944
7300,316.11852,6383.9311,-3315.4828,0.987204,-3376.7316,61.248801
7400,305.43855,-52014.656,-3317.397,0.987204,-3376.5765,59.17953
7500,361.96492,-19483.316,-3320.1282,0.987204,-3390.2598,70.131664
7600,365.87385,-41009.813,-3324.8693,0.987204,-3395.7584,70.889028
7700,321.92302,-27126.916,-3326.9382,0.987204,-3389.3116,62.373439
7800,321.00989,1159.4795,-3326.6243,0.987204,-3388.8208,62.196519
7900,323.3396,21027.544,-3318.3727,0.987204,-3381.0206,62.647906
8000,346.41589,38977.155,-3324.4837,0.987204,-3391.6027,67.118998
8100,320.21794,12411.946,-3328.3338,0.987204,-3390.3769,62.043076
8200,346.51007,-812.54061,-3323.8195,0.987204,-3390.9567,67.137246
8300,304.07061,-31338.455,-3330.9841,0.987204,-3389.8986,58.914488
8400,294.28191,-5171.2621,-3340.1674,0.987204,-3397.1853,57.0179
8500,290.5712,-5684.83,-3339.6041,0.987204,-3395.9031,56.298941
8600,285.93089,-24310.988,-3335.9064,0.987204,-3391.3063,55.399868
8700,318.96146,31888.758,-3325.9797,0.987204,-3387.7793,61.799628
8800,322.25851,3057.3996,-3328.3891,0.987204,-3390.8275,62.43844
8900,296.49426,17721.811,-3330.3363,0.987204,-3387.7828,57.446549
9000,310.01112,-8107.6073,-3339.3073,0.987204,-3399.3728,60.065476
9100,296.59418,-22597.29,-3342.0425,0.987204,-3399.5084,57.46591
9200,252.42924,26482.648,-3347.2366,0.987204,-3396.1454,48.908836
9300,291.09247,51886.741,-3346.7792,0.987204,-3403.1791,56.399939
9400,260.00135,-1097.5873,-3350.0411,0.987204,-3400.4171,50.375952
9500,272.44164,-14685.128,-3349.9712,0.987204,-3402.7575,52.786291
9600,248.46699,3222.8611,-3354.4094,0.987204,-3402.5506,48.141139
9700,243.85505,-5160.3585,-3359.6906,0.987204,-3406.9382,47.247563
9800,226.91964,10441.998,-3364.2684,0.987204,-3408.2347,43.966282
9900,231.86011,10383.494,-3362.9494,0.987204,-3407.8729,44.923512
10000,291.83669,7760.0726,-3357.9329,0.987204,-3414.477,56.544133
10100,253.79307,6482.2184,-3357.6974,0.987204,-3406.8705,49.17308
10200,326.13116,33235.649,-3346.3886,0.987204,-3409.5774,63.188778
10300,303.69022,763.63412,-3340.907,0.987204,-3399.7478,58.840787
10400,298.3603,-6095.8813,-3341.5684,0.987204,-3399.3765,57.808099
10500,325.10901,-10974.447,-3330.3351,0.987204,-3393.3258,62.990732
10600,270.69351,30621.023,-3335.1954,0.987204,-3387.643,52.447586
10700,274.45171,-6596.9044,-3335.3118,0.987204,-3388.4876,53.175748
10800,305.11108,12830.951,-3336.4964,0.987204,-3395.6125,59.116081
10900,313.0462,-16865.683,-3333.1943,0.987204,-3393.8478,60.653532
11000,312.14072,-28612.429,-3327.0449,0.987204,-3387.523,60.478093
11100,389.89033,25273.342,-3326.9891,0.987204,-3402.5314,75.542285
11200,323.20622,14704.488,-3329.4248,0.987204,-3392.0468,62.622063
11300,317.41384,15233.363,-3336.773,0.987204,-3398.2728,61.499774
11400,315.24389,-2749.0942,-3345.7129,0.987204,-3406.7922,61.07934
11500,314.08314,-9428.032,-3345.827,0.987204,-3406.6814,60.854442
11600,260.60456,2409.3387,-3345.9672,0.987204,-3396.46,50.492826
11700,243.70798,10755.643,-3355.5571,0.987204,-3402.7762,47.219068
11800,286.71686,-28982.262,-3351.4743,0.987204,-3407.0264,55.552153
11900,295.74601,-9473.1171,-3350.4153,0.987204,-3407.7169,57.301574
12000,280.37994,-6694.4336,-3356.973,0.987204,-3411.2973,54.324357
12100,312.4392,28439.939,-3357.5694,0.987204,-3418.1053,60.535924
12200,314.41412,23257.141,-3355.4411,0.987204,-3416.3597,60.918569
12300,275.99482,19865.113,-3358.8001,0.987204,-3412.2748,53.474728
12400,238.84353,-25626.262,-3357.0039,0.987204,-3403.2805,46.276567
12500,273.20068,-9409.0088,-3352.1764,0.987204,-3405.1097,52.933357
12600,321.22623,-24306.294,-3350.1968,0.987204,-3412.4353,62.238433
12700,301.45156,-3843.8853,-3345.3141,0.987204,-3403.7211,58.407039
12800,294.32498,30328.988,-3345.6568,0.987204,-3402.683,57.026245
12900,300.68753,4237.8539,-3344.2303,0.987204,-3402.4893,58.259006
13000,348.11091,-5722.4993,-3342.6606,0.987204,-3410.108,67.447412
13100,345.76145,-16909.296,-3331.273,0.987204,-3398.2652,66.992199
13200,318.2499,-1356.793,-3334.7244,0.987204,-3396.3861,61.661763
13300,300.80266,-26947.747,-3340.0181,0.987204,-3398.2994,58.281314
13400,280.61318,18360.807,-3351.3893,0.987204,-3405.7589,54.369549
13500,313.24981,13697.783,-3344.624,0.987204,-3405.317,60.692982
13600,334.05347,-17356,-3342.7023,0.987204,-3407.426,64.723746
13700,335.62382,3656.3919,-3340.9566,0.987204,-3405.9846,65.028006
13800,286.76836,-12531.4,-3348.1825,0.987204,-3403.7446,55.56213
13900,247.04996,4050.5241,-3348.8831,0.987204,-3396.7496,47.866585
14000,297.94697,-12071.347,-3339.3668,0.987204,-3397.0948,57.728017
14100,354.34661,24071.653,-3331.0345,0.987204,-3399.6901,68.655596
14200,281.05412,17804.185,-3336.4157,0.987204,-3390.8706,54.454982
14300,322.25563,-910.59663,-3334.3348,0.987204,-3396.7727,62.437884
14400,316.09192,-13177.885,-3337.7415,0.987204,-3398.9851,61.243648
14500,287.59789,25854.504,-3337.776,0.987204,-3393.4989,55.722855
14600,296.4775,-27546.685,-3333.0368,0.987204,-3390.4801,57.443302
14700,291.10504,18619.014,-3335.8448,0.987204,-3392.2472,56.402374
14800,310.44126,23721.495,-3338.6359,0.987204,-3398.7848,60.148819
14900,322.11129,-30594.58,-3341.6702,0.987204,-3404.0801,62.409917
15000,314.98206,15088.547,-3344.8407,0.987204,-3405.8693,61.02861
15100,302.55627,12590.942,-3338.7299,0.987204,-3397.351,58.621081
15200,310.04578,349.22879,-3336.9357,0.987204,-3397.0079,60.072193
15300,327.03585,-4543.5278,-3338.3759,0.987204,-3401.74,63.364064
15400,307.82563,-40298.102,-3337.8015,0.987204,-3397.4435,59.642033
15500,291.50254,-23447.58,-3338.047,0.987204,-3394.5264,56.47939
15600,285.4173,-22521.073,-3342.2735,0.987204,-3397.5739,55.300359
15700,255.0956,38805.737,-3345.3357,0.987204,-3394.7611,49.42545
15800,279.12987,17643.764,-3341.7071,0.987204,-3395.7892,54.082153
15900,280.69268,12081.993,-3343.1289,0.987204,-3397.5138,54.384951
16000,312.41251,-8363.0045,-3334.1439,0.987204,-3394.6746,60.530753
16100,360.88628,35114.101,-3339.5029,0.987204,-3409.4256,69.922675
16200,357.22293,-18994.013,-3341.8012,0.987204,-3411.0141,69.212891
16300,343.61972,13877.441,-3338.7478,0.987204,-3405.325,66.577232
16400,320.26499,-12493.07,-3330.8964,0.987204,-3392.9486,62.052192
16500,309.59309,31311.91,-3334.2997,0.987204,-3394.2841,59.984483
16600,345.09067,26269.215,-3337.1508,0.987204,-3404.013,66.862232
16700,308.58384,27816.669,-3343.5089,0.987204,-3403.2979,59.788938
16800,318.59971,-15805.671,-3346.7262,0.987204,-3408.4557,61.729539
16900,307.31524,-8819.1541,-3341.3423,0.987204,-3400.8854,59.543144
17000,323.83809,-14858.234,-3339.9095,0.987204,-3402.654,62.744489
17100,305.53228,-14172.998,-3342.8448,0.987204,-3402.0425,59.197691
17200,363.80908,-41594.877,-3338.8376,0.987204,-3409.3265,70.488974
17300,295.69638,22069.71,-3339.7802,0.987204,-3397.0721,57.291959
17400,294.83124,-15651.991,-3334.4279,0.987204,-3391.5522,57.124335
17500,291.84381,-16391.362,-3333.08,0.987204,-3389.6255,56.545513
17600,278.04226,20209.208,-3335.8557,0.987204,-3389.7271,53.871426
17700,280.27782,20089.602,-3336.7639,0.987204,-3391.0685,54.304571
17800,319.58188,28967.023,-3328.3585,0.987204,-3390.2783,61.919838
17900,328.57737,24751.956,-3323.6978,0.987204,-3387.3605,63.662738
18000,290.83922,-7725.1306,-3326.7455,0.987204,-3383.0963,56.350871
18100,377.39325,-23853.946,-3312.2312,0.987204,-3385.3522,73.120943
18200,382.00191,-13394.42,-3314.414,0.987204,-3388.4278,74.013883
18300,352.38133,-27708.239,-3318.8996,0.987204,-3387.1744,68.274817
18400,322.52225,22372.756,-3321.5604,0.987204,-3384.0499,62.489542
18500,278.42024,-27216.952,-3328.7147,0.987204,-3382.6594,53.94466
18600,320.02166,-6811.6474,-3317.7163,0.987204,-3379.7213,62.005045
18700,294.3035,-43345.414,-3329.2548,0.987204,-3386.2769,57.022083
18800,283.14497,28101.842,-3327.7693,0.987204,-3382.6294,54.86009
18900,290.60485,-16616.947,-3326.2477,0.987204,-3382.5531,56.30546
19000,280.691,-8807.6279,-3331.2654,0.987204,-3385.6501,54.384627
19100,330.19045,-15858.608,-3326.3065,0.987204,-3390.2818,63.975276
19200,292.5758,27295.916,-3326.9325,0.987204,-3383.6198,56.687338
19300,299.9257,24460.949,-3328.389,0.987204,-3386.5004,58.1114
19400,265.09388,-4247.467,-3332.3782,0.987204,-3383.7408,51.362643
19500,337.61263,-13261.744,-3326.1915,0.987204,-3391.6048,65.413343
19600,318.17948,-50440.282,-3329.8794,0.987204,-3391.5275,61.648118
19700,262.51311,-4769.1532,-3334.2605,0.987204,-3385.1231,50.862611
19800,259.75151,-7079.2833,-3335.5249,0.987204,-3385.8524,50.327544
19900,320.77327,-30504.377,-3327.3352,0.987204,-3389.4859,62.150672
20000,287.9443,-2911.9324,-3336.2061,0.987204,-3391.9961,55.789972
20100,319.58336,-17628.589,-3335.0839,0.987204,-3397.004,61.920124
20200,295.84812,22305.911,-3336.3185,0.987204,-3393.6398,57.321359
20300,309.73145,-11143.948,-3332.3412,0.987204,-3392.3525,60.01129
20400,319.55849,-20946.262,-3336.2339,0.987204,-3398.1492,61.915306
20500,277.98404,-12192.126,-3335.3265,0.987204,-3389.1866,53.860145
20600,275.52868,24066.283,-3338.3424,0.987204,-3391.7268,53.384413
20700,301.47714,-2757.8648,-3334.2195,0.987204,-3392.6315,58.411996
20800,322.07313,-7189.6626,-3327.4412,0.987204,-3389.8437,62.402523
20900,294.62484,-29896.222,-3334.1593,0.987204,-3391.2437,57.084345
21000,306.50824,22640.989,-3334.1358,0.987204,-3393.5226,59.386785
21100,304.9283,-6848.9408,-3337.8959,0.987204,-3396.9766,59.080668
21200,329.57352,-18109.012,-3338.3435,0.987204,-3402.1993,63.855744
21300,277.65293,-6724.7466,-3338.7217,0.987204,-3392.5177,53.795992
21400,281.95802,41027.51,-3332.236,0.987204,-3386.8661,54.630114
21500,296.07616,-37914.943,-3332.0981,0.987204,-3389.4636,57.365541
21600,295.38118,9971.534,-3336.553,0.987204,-3393.7839,57.230887
21700,280.3433,22921.562,-3337.1971,0.987204,-3391.5144,54.317258
21800,293.35022,-11810.869,-3339.3959,0.987204,-3396.2333,56.837383
21900,291.60143,-12913.672,-3334.2895,0.987204,-3390.7881,56.498551
22000,314.49161,34633.463,-3330.4561,0.987204,-3391.3897,60.933585
22100,314.7476,-21629.463,-3326.1988,0.987204,-3387.182,60.983182
22200,313.92485,-27485.864,-3325.0112,0.987204,-3385.835,60.823773
22300,291.49387,8948.1666,-3330.0557,0.987204,-3386.5334,56.47771
22400,289.05405,24285.989,-3328.3471,0.987204,-3384.3521,56.004989
22500,295.17745,32900.863,-3320.6179,0.987204,-3377.8093,57.191415
22600,302.63739,12473.744,-3326.1323,0.987204,-3384.7691,58.636798
22700,264.20203,-19658.084,-3333.7124,0.987204,-3384.9023,51.189844
22800,242.17193,30265.673,-3335.0188,0.987204,-3381.9403,46.921454
22900,305.28582,34534.933,-3323.3101,0.987204,-3382.4601,59.149937
23000,295.50281,14970.334,-3324.2497,0.987204,-3381.5041,57.254453
23100,298.07583,18851.965,-3327.2244,0.987204,-3384.9774,57.752983
23200,345.90924,-15359.602,-3310.4941,0.987204,-3377.5149,67.020832
23300,313.33528,21888.934,-3312.9085,0.987204,-3373.618,60.709543
23400,328.65171,-2410.9283,-3310.5361,0.987204,-3374.2132,63.677142
23500,307.51133,12414.466,-3312.7535,0.987204,-3372.3346,59.581136
23600,312.98429,16663.47,-3314.3926,0.987204,-3375.0341,60.641538
23700,326.72339,4463.9427,-3308.33,0.987204,-3371.6336,63.303524
23800,299.67753,13999.834,-3317.4706,0.987204,-3375.5339,58.063316
23900,348.75776,21499.244,-3312.335,0.987204,-3379.9078,67.572742
24000,325.19332,5601.2848,-3324.992,0.987204,-3387.9991,63.007068
24100,360.85981,-38268.919,-3320.056,0.987204,-3389.9736,69.917546
24200,349.89184,17660.671,-3316.7373,0.987204,-3384.5298,67.792472
24300,360.10317,-17509.047,-3313.4709,0.987204,-3383.2418,69.770945
24400,288.44729,25848.88,-3323.2612,0.987204,-3379.1487,55.887429
24500,261.65669,-3220.9425,-3329.5165,0.987204,-3380.2131,50.696678
24600,283.18054,10142.427,-3337.5974,0.987204,-3392.4644,54.866981
24700,352.46942,20767.434,-3331.7026,0.987204,-3399.9945,68.291886
24800,268.40469,-47708.188,-3333.9859,0.987204,-3385.99,52.004121
24900,365.76863,48819.287,-3330.2308,0.987204,-3401.0994,70.868643
25000,334.32755,38259.938,-3329.4755,0.987204,-3394.2523,64.77685
25100,350.02916,4505.1321,-3322.9142,0.987204,-3390.7333,67.819078
25200,323.97151,389.75759,-3329.3106,0.987204,-3392.0809,62.770339
25300,317.83791,-19671.421,-3333.5993,0.987204,-3395.1813,61.581938
25400,313.54947,15349.89,-3331.2176,0.987204,-3391.9687,60.751041
25500,261.76349,-9914.9755,-3330.3398,0.987204,-3381.0572,50.717372
25600,296.2635,16429.425,-3334.9217,0.987204,-3392.3235,57.401839
25700,303.01159,-67389.861,-3341.5038,0.987204,-3400.2131,58.7093
25800,276.67157,-7164.0998,-3344.5521,0.987204,-3398.1579,53.60585
25900,260.06495,-9002.7038,-3351.3048,0.987204,-3401.693,50.388274
26000,246.91929,4387.6297,-3355.3655,0.987204,-3403.2068,47.841267
26100,267.08834,3288.5486,-3349.998,0.987204,-3401.7471,51.749074
26200,247.05886,-3400.9832,-3350.9467,0.987204,-3398.815,47.86831
26300,297.07649,-15670.033,-3341.5694,0.987204,-3399.1288,57.559359
26400,280.54961,-43594.937,-3348.2763,0.987204,-3402.6336,54.357232
26500,262.94517,34941.458,-3352.9659,0.987204,-3403.9122,50.946325
26600,288.39591,-13548.17,-3345.2709,0.987204,-3401.1484,55.877472
26700,261.52971,27275.434,-3348.9497,0.987204,-3399.6218,50.672076
26800,265.00391,21128.936,-3352.1868,0.987204,-3403.5321,51.34521
26900,308.20738,46838.73,-3346.728,0.987204,-3406.444,59.715997
27000,261.5265,-8538.5129,-3351.8735,0.987204,-3402.545,50.671453
27100,317.05497,3538.4328,-3340.7865,0.987204,-3402.2167,61.430241
27200,291.39826,45838.955,-3344.3432,0.987204,-3400.8024,56.459185
27300,306.66217,-18361.545,-3344.7386,0.987204,-3404.1552,59.416608
27400,291.61975,-11117.013,-3344.7101,0.987204,-3401.2122,56.5021
27500,295.48654,21411.401,-3339.1273,0.987204,-3396.3786,57.251301
27600,345.73816,-13225.055,-3333.1603,0.987204,-3400.148,66.987685
27700,303.69345,19401.826,-3337.2404,0.987204,-3396.0818,58.841411
27800,290.51629,20483.894,-3342.2236,0.987204,-3398.5119,56.288302
27900,338.72001,-20579.71,-3332.4858,0.987204,-3398.1137,65.6279
28000,341.35646,22481.097,-3332.5783,0.987204,-3398.7171,66.13872
28100,277.0031,-13251.27,-3331.1823,0.987204,-3384.8524,53.670086
28200,361.17685,2943.0654,-3317.6338,0.987204,-3387.6128,69.978973
28300,305.54462,3999.9101,-3323.969,0.987204,-3383.169,59.20008
28400,312.60435,5484.851,-3323.6256,0.987204,-3384.1935,60.567923
28500,321.17699,34459.585,-3317.3993,0.987204,-3379.6282,62.228895
28600,325.95997,-9391.5114,-3317.6331,0.987204,-3380.7887,63.155608
28700,314.83271,21333.632,-3331.0869,0.987204,-3392.0865,60.999673
28800,290.37183,12621.716,-3332.8529,0.987204,-3389.1133,56.260312
28900,352.95643,-19159.68,-3323.6711,0.987204,-3392.0574,68.386246
29000,343.12175,9678.9862,-3331.5433,0.987204,-3398.0241,66.480749
29100,349.58683,-45434.339,-3332.1303,0.987204,-3399.8637,67.733376
29200,333.21243,-33536.816,-3331.2314,0.987204,-3395.7921,64.560792
29300,244.48479,-1222.0005,-3339.3213,0.987204,-3386.6909,47.369577
29400,303.33042,-47861.623,-3330.9504,0.987204,-3389.7215,58.771073
29500,338.81971,8180.8568,-3327.1503,0.987204,-3392.7976,65.647219
29600,335.29933,2464.7643,-3332.5523,0.987204,-3397.5174,64.965136
29700,318.03959,7156.6513,-3334.3703,0.987204,-3395.9913,61.621015
29800,316.01306,-6847.2554,-3330.5269,0.987204,-3391.7553,61.228369
29900,267.4553,5878.8672,-3335.2936,0.987204,-3387.1138,51.820175
30000,302.65595,-14106.723,-3332.4354,0.987204,-3391.0758,58.640394
30100,282.10681,-33999.167,-3325.9874,0.987204,-3380.6464,54.658942
30200,326.83002,8141.5899,-3323.392,0.987204,-3386.7161,63.324184
30300,354.72413,-35631.589,-3320.9517,0.987204,-3389.6804,68.728742
30400,350.4516,3161.7679,-3321.4217,0.987204,-3389.3226,67.900927
30500,325.59444,-3939.9326,-3319.2256,0.987204,-3382.3104,63.084787
30600,284.34534,-6099.9599,-3319.2213,0.987204,-3374.3139,55.092664
30700,302.45391,538.94109,-3316.2687,0.987204,-3374.8699,58.601248
30800,353.48439,2111.3277,-3319.3163,0.987204,-3387.8048,68.488538
30900,319.66975,25418.211,-3318.2699,0.987204,-3380.2068,61.936863
31000,344.54646,23547.527,-3319.8989,0.987204,-3386.6557,66.75679
31100,350.49175,3833.3681,-3322.4808,0.987204,-3390.3895,67.908707
31200,297.41954,-9578.3215,-3325.5343,0.987204,-3383.1602,57.625825
31300,336.48689,-22012.174,-3329.5085,0.987204,-3394.7037,65.195227
31400,291.24391,-19429.021,-3333.3095,0.987204,-3389.7388,56.42928
31500,298.48565,-33173.861,-3334.9707,0.987204,-3392.8031,57.832386
31600,311.45053,13166.133,-3327.2547,0.987204,-3387.5991,60.344366
31700,304.95489,-19475.902,-3324.9051,0.987204,-3383.991,59.08582
31800,327.93133,-4863.4928,-3333.516,0.987204,-3397.0536,63.537566
31900,258.23091,24269.711,-3340.163,0.987204,-3390.1959,50.032924
32000,267.27847,26946.042,-3342.3662,0.987204,-3394.1521,51.785913
32100,307.87742,22337.424,-3334.7117,0.987204,-3394.3638,59.652067
32200,297.53456,-9355.0702,-3335.2542,0.987204,-3392.9023,57.64811
32300,272.50713,8742.0445,-3334.1404,0.987204,-3386.9393,52.798979
32400,323.97533,11029.189,-3332.1288,0.987204,-3394.8998,62.771079
32500,321.93525,-7113.2581,-3335.9127,0.987204,-3398.2885,62.37581
32600,328.36111,-26439.445,-3337.1315,0.987204,-3400.7523,63.620837
32700,282.28945,7645.4151,-3340.3482,0.987204,-3395.0425,54.69433
32800,311.04839,-6132.8432,-3338.8277,0.987204,-3399.0942,60.266451
32900,330.10903,7950.0482,-3331.0949,0.987204,-3395.0544,63.959501
33000,331.78444,796.07568,-3329.7252,0.987204,-3394.0093,64.284116
33100,307.66563,-2415.6089,-3330.2259,0.987204,-3389.8369,59.611032
33200,315.82994,-189.64015,-3332.3423,0.987204,-3393.5352,61.192889
33300,297.28932,-55924.401,-3333.7774,0.987204,-3391.378,57.600595
33400,309.5682,-6455.4305,-3329.3452,0.987204,-3389.3249,59.97966
33500,309.24568,-12811.898,-3322.6072,0.987204,-3382.5244,59.917171
33600,329.67191,14038.987,-3317.2413,0.987204,-3381.1161,63.874808
33700,295.40259,16410.431,-3326.3683,0.987204,-3383.6034,57.235035
33800,327.63094,-7676.0921,-3327.6349,0.987204,-3391.1142,63.479364
33900,385.46146,32328.043,-3321.8702,0.987204,-3396.5544,74.684181
34000,326.93215,-14320.416,-3322.1908,0.987204,-3385.5348,63.343972
34100,390.14234,-17396.963,-3319.6511,0.987204,-3395.2422,75.591113
34200,363.39959,-10876.862,-3325.7626,0.987204,-3396.1722,70.409634
34300,330.35655,-11639.123,-3328.16,0.987204,-3392.1674,64.007459
34400,345.82007,23683.219,-3327.0404,0.987204,-3394.0439,67.003555
34500,313.21721,9526.3803,-3335.9279,0.987204,-3396.6145,60.686665
34600,333.96874,4893.9625,-3332.2393,0.987204,-3396.9467,64.707329
34700,310.93529,5550.2008,-3335.528,0.987204,-3395.7726,60.244537
34800,319.30582,-572.37969,-3332.9638,0.987204,-3394.8301,61.866349
34900,293.74201,-29915.507,-3329.2487,0.987204,-3386.162,56.913294
35000,297.30416,14341.2,-3328.3529,0.987204,-3385.9563,57.60347
35100,313.22717,3676.2413,-3332.5685,0.987204,-3393.2571,60.688595
35200,313.00278,20052.705,-3327.2063,0.987204,-3387.8514,60.645119
35300,295.56383,3053.7533,-3329.9997,0.987204,-3387.266,57.266277
35400,293.552,667.52038,-3331.2933,0.987204,-3388.1698,56.876479
35500,317.73857,13197.791,-3327.5306,0.987204,-3389.0933,61.562691
35600,304.85456,402.45812,-3332.6901,0.987204,-3391.7565,59.06638
35700,313.1637,6046.3356,-3338.3434,0.987204,-3399.0197,60.676299
35800,268.07392,13476.051,-3348.0652,0.987204,-3400.0052,51.940032
35900,303.87949,-4161.4269,-3347.3187,0.987204,-3406.1961,58.877458
36000,349.91482,-1124.0268,-3339.5844,0.987204,-3407.3813,67.796924
36100,343.72523,-16424.021,-3339.5158,0.987204,-3406.1134,66.597675
36200,258.05908,-19399.081,-3345.4859,0.987204,-3395.4855,49.999632
36300,326.25341,4287.6404,-3343.0605,0.987204,-3406.273,63.212464
36400,313.93565,11633.173,-3345.3682,0.987204,-3406.1941,60.825864
36500,284.67558,19834.958,-3355.8077,0.987204,-3410.9644,55.15665
36600,277.74934,-26739.817,-3350.7004,0.987204,-3404.515,53.814671
36700,291.4727,29847.576,-3352.1629,0.987204,-3408.6365,56.473608
36800,274.54045,34175.096,-3353.8887,0.987204,-3407.0816,53.19294
36900,287.78426,22539.719,-3341.7214,0.987204,-3397.4804,55.758964
37000,262.23911,-23306.931,-3339.2365,0.987204,-3390.046,50.809524
37100,306.63213,1550.4852,-3347.5168,0.987204,-3406.9276,59.410789
37200,267.68211,-7527.4554,-3349.6398,0.987204,-3401.5039,51.864119
37300,359.4794,-16964.898,-3335.9953,0.987204,-3405.6454,69.650087
37400,370.66744,8381.036,-3335.5012,0.987204,-3407.319,71.817801
37500,323.46124,2566.7746,-3339.9417,0.987204,-3402.6132,62.671473
37600,309.64829,-16457.358,-3336.7583,0.987204,-3396.7535,59.995177
37700,335.16192,-32468.406,-3343.4002,0.987204,-3408.3387,64.938512
37800,318.94165,9628.0908,-3345.0624,0.987204,-3406.8582,61.79579
37900,338.18739,-1683.684,-3336.3562,0.987204,-3401.8809,65.524704
38000,334.77072,26475.283,-3336.7788,0.987204,-3401.6415,64.862715
38100,317.62124,5861.6493,-3334.8869,0.987204,-3396.4268,61.539958
38200,337.50228,-34.700435,-3343.4532,0.987204,-3408.8451,65.391962
38300,347.79863,-18764.086,-3337.3316,0.987204,-3404.7185,67.386907
38400,325.66103,28514.546,-3341.5275,0.987204,-3404.6252,63.097689
38500,339.6019,1948.124,-3340.3044,0.987204,-3406.1032,65.798769
38600,299.64758,21121.217,-3348.8198,0.987204,-3406.8773,58.057515
38700,296.89362,-13832.003,-3350.5293,0.987204,-3408.0533,57.523926
38800,316.64036,9439.7736,-3346.1637,0.987204,-3407.5137,61.349909
38900,335.51446,16964.609,-3342.868,0.987204,-3407.8748,65.006818
39000,300.6447,13880.587,-3349.1572,0.987204,-3407.4079,58.250709
39100,339.46175,17794.983,-3350.9368,0.987204,-3416.7084,65.771614
39200,279.59782,13651.558,-3353.4995,0.987204,-3407.6724,54.17282
39300,254.58823,27735.089,-3356.5583,0.987204,-3405.8854,49.327145
39400,305.8098,11234.353,-3350.9584,0.987204,-3410.2099,59.25146
39500,337.65772,-24709.7,-3347.848,0.987204,-3413.27,65.422078
39600,277.63835,-16543.255,-3353.3698,0.987204,-3407.163,53.793166
39700,305.74274,40267.768,-3357.5987,0.987204,-3416.8371,59.238466
39800,292.10774,6659.8273,-3351.3395,0.987204,-3407.9361,56.59665
39900,232.01686,-20679.342,-3358.5941,0.987204,-3403.548,44.953882
40000,290.95907,-10683.143,-3357.3038,0.987204,-3413.6779,56.374092
40100,247.617,3311.5222,-3368.5422,0.987204,-3416.5187,47.976451
40200,253.70102,26759.257,-3366.5843,0.987204,-3415.7396,49.155245
40300,261.7623,-38299.081,-3367.1764,0.987204,-3417.8935,50.71714
40400,274.44509,9287.9104,-3359.4915,0.987204,-3412.666,53.174464
40500,292.50848,-40536.73,-3360.4314,0.987204,-3417.1057,56.674295
40600,244.18234,13600.549,-3366.4055,0.987204,-3413.7165,47.310977
40700,263.94514,-7762.0621,-3366.7661,0.987204,-3417.9062,51.140071
40800,289.70153,36741.388,-3361.5097,0.987204,-3417.6401,56.130441
40900,296.29873,4062.0813,-3359.849,0.987204,-3417.2576,57.408666
41000,275.985,-10192.816,-3351.288,0.987204,-3404.7609,53.472826
41100,300.28789,24352.755,-3343.211,0.987204,-3401.3926,58.181575
41200,318.64043,23701.845,-3347.4719,0.987204,-3409.2093,61.737428
41300,372.12031,-5979.2478,-3339.6354,0.987204,-3411.7347,72.099296
41400,312.09855,-31811.877,-3353.6097,0.987204,-3414.0796,60.469923
41500,307.47564,18382.493,-3349.0302,0.987204,-3408.6044,59.574222
41600,317.19185,15299.047,-3353.6645,0.987204,-3415.1212,61.456763
41700,307.07494,-21584.395,-3345.3074,0.987204,-3404.804,59.496585
41800,288.92924,-15331.281,-3352.2123,0.987204,-3408.1931,55.980808
41900,371.09445,-2919.661,-3347.1114,0.987204,-3419.0119,71.900535
42000,310.86264,44837.439,-3351.4086,0.987204,-3411.6391,60.230461
42100,330.59777,16186.815,-3338.606,0.987204,-3402.6602,64.054195
42200,309.13208,-10344.521,-3342.6364,0.987204,-3402.5315,59.895162
42300,264.12134,-26148.69,-3353.6632,0.987204,-3404.8374,51.174209
42400,280.32844,-22890.128,-3352.1338,0.987204,-3406.4482,54.31438
42500,336.74261,23064.124,-3351.1393,0.987204,-3416.3841,65.244773
42600,368.67953,17270.881,-3347.328,0.987204,-3418.7607,71.432637
42700,316.85124,19191.87,-3349.7047,0.987204,-3411.0955,61.390769
42800,326.18497,-30390.149,-3347.2346,0.987204,-3410.4338,63.199204
42900,303.52883,-1129.8043,-3346.1823,0.987204,-3404.9919,58.809516
43000,310.31351,18875.378,-3345.7047,0.987204,-3405.8288,60.124065
43100,269.52374,8370.7369,-3355.0125,0.987204,-3407.2335,52.220939
43200,291.19668,-7177.4644,-3345.6943,0.987204,-3402.1144,56.420129
43300,274.59697,-15156.531,-3355.8427,0.987204,-3409.0465,53.203892
43400,321.73821,30081.791,-3352.5509,0.987204,-3414.8886,62.337632
43500,319.92856,-5703.6744,-3358.2695,0.987204,-3420.2565,61.987008
43600,272.11959,-10916.749,-3370.7348,0.987204,-3423.4587,52.723893
43700,299.05087,10431.092,-3371.6481,0.987204,-3429.59,57.9419
43800,273.68296,7345.1122,-3375.7377,0.987204,-3428.7645,53.0268
43900,251.04019,-11900.662,-3370.7227,0.987204,-3419.3624,48.639703
44000,240.50678,4446.239,-3383.2102,0.987204,-3429.809,46.598827
44100,252.46918,13363.114,-3379.4067,0.987204,-3428.3233,48.916573
44200,238.30312,11502.879,-3371.5846,0.987204,-3417.7565,46.171862
44300,254.05278,5673.8195,-3362.9586,0.987204,-3412.182,49.2234
44400,262.42591,13376.423,-3358.6566,0.987204,-3409.5023,50.845716
44500,255.62241,11448.903,-3367.7175,0.987204,-3417.245,49.527521
44600,268.57824,16202.235,-3356.9199,0.987204,-3408.9577,52.037746
44700,259.04193,-21202.39,-3354.3256,0.987204,-3404.5156,50.190061
44800,269.72014,-1301.5312,-3357.4042,0.987204,-3409.6632,52.258992
44900,264.40477,5777.2792,-3355.8462,0.987204,-3407.0754,51.229126
45000,330.61073,-29381.532,-3338.087,0.987204,-3402.1437,64.056705
45100,318.77341,15596.05,-3341.8668,0.987204,-3403.63,61.763194
45200,311.70981,-9992.5469,-3349.498,0.987204,-3409.8926,60.394602
45300,320.48602,10613.612,-3347.8477,0.987204,-3409.9427,62.095017
45400,300.14451,8457.7148,-3357.6026,0.987204,-3415.7564,58.153796
45500,294.9917,11280.259,-3349.3941,0.987204,-3406.5495,57.155424
45600,319.24726,-18274.246,-3346.9355,0.987204,-3408.7905,61.855003
45700,272.97059,-19896.662,-3358.6351,0.987204,-3411.5239,52.888776
45800,254.5871,2782.4209,-3362.6338,0.987204,-3411.9607,49.326925
45900,267.45141,93.130169,-3355.9994,0.987204,-3407.8188,51.819421
46000,252.11955,-17400.691,-3356.7661,0.987204,-3405.6149,48.848831
46100,301.38866,-20198.307,-3362.3911,0.987204,-3420.7859,58.394853
46200,311.46078,-20235.733,-3360.3443,0.987204,-3420.6906,60.346353
46300,321.21343,8712.7243,-3357.6195,0.987204,-3419.8555,62.235955
46400,294.52775,-5973.8713,-3361.5932,0.987204,-3418.6587,57.065533
46500,278.69132,2117.3953,-3367.1213,0.987204,-3421.1184,53.997182
46600,272.92734,-11143.712,-3363.9417,0.987204,-3416.8221,52.880395
46700,283.24382,2695.4653,-3358.2796,0.987204,-3413.1588,54.879242
46800,263.36447,5081.0893,-3360.161,0.987204,-3411.1886,51.027565
46900,286.82221,29807.835,-3360.4031,0.987204,-3415.9757,55.572565
47000,272.00077,-26710.514,-3361.8843,0.987204,-3414.5852,52.700871
47100,247.28898,22448.99,-3363.549,0.987204,-3411.4619,47.912896
47200,249.64091,-32534.274,-3363.2563,0.987204,-3411.6249,48.368589
47300,284.43118,-14980.616,-3356.9755,0.987204,-3412.0848,55.109296
47400,301.33799,-13677.606,-3361.6918,0.987204,-3420.0768,58.385035
47500,294.49354,-20404.96,-3363.6752,0.987204,-3420.7341,57.058904
47600,287.3241,-4379.3486,-3361.6337,0.987204,-3417.3035,55.669806
47700,279.9835,-20455.602,-3362.8746,0.987204,-3417.1222,54.247546
47800,308.48578,11161.119,-3358.0095,0.987204,-3417.7794,59.769938
47900,326.42008,-25966.39,-3348.964,0.987204,-3412.2087,63.244757
48000,315.30596,-21228.446,-3348.2214,0.987204,-3409.3128,61.091367
48100,299.9636,5697.9502,-3347.2712,0.987204,-3405.3899,58.118743
48200,290.97495,10891.447,-3343.5005,0.987204,-3399.8777,56.377168
48300,300.804,-13016.253,-3337.728,0.987204,-3396.0096,58.281573
48400,297.56271,-16933.031,-3344.5353,0.987204,-3402.1889,57.653565
48500,304.66855,-19079.029,-3348.7671,0.987204,-3407.7974,59.03034
48600,269.86635,24787.217,-3348.3486,0.987204,-3400.6359,52.287321
48700,267.6183,-259.07299,-3345.9702,0.987204,-3397.822,51.851757
48800,274.3887,14214.889,-3345.9864,0.987204,-3399.15,53.163539
48900,303.52617,-15437.662,-3345.2239,0.987204,-3404.0329,58.809001
49000,268.94366,-514.124,-3349.3635,0.987204,-3401.4721,52.108547
49100,338.49706,-24199.238,-3339.8557,0.987204,-3405.4404,65.584703
49200,288.43329,306.79043,-3346.2947,0.987204,-3402.1795,55.884716
49300,287.71709,51665.211,-3348.4251,0.987204,-3404.171,55.745949
49400,290.41997,7269.6899,-3350.3257,0.987204,-3406.5954,56.26964
49500,328.67637,18583.017,-3350.9458,0.987204,-3414.6277,63.681919
49600,304.49913,10184.794,-3346.491,0.987204,-3405.4885,58.997514
49700,315.84138,12480.048,-3344.4258,0.987204,-3405.6209,61.195105
49800,323.58632,21219.967,-3346.309,0.987204,-3409.0047,62.695709
49900,289.99785,21915.244,-3347.8355,0.987204,-3404.0233,56.187852
50000,295.79677,48489.741,-3349.9326,0.987204,-3407.244,57.311409
